ASIN,Title
B00VVWB07S,The Restaurant Critic's Wife
B00YUICLNC,North of Here
B0142IHZPI,When I'm Gone
B015NXSI5M,Were We Fall
B012EZ3OMY,While You Were Mine
B016A31ZWW,Saving Abby
B015XWK89M,A House for Happy Mothers
B017BA9ASO,Edenland
B017182AQU,The Memory of Us
B016PX6EZ0,Leaving Blythe River
B014D613C0,GRAVE OF HUMMINGBIRDS
TK,NOT COMING SOON TO A MOVIE NEAR YOU
B00SK1IFMG,BENAZIR BHUTTO: FAVORED DAUGHTER 
B011URV0VY,ALL THE LASTING THINGS
B013P22OIU,INTRUSION: A NOVEL
TK,THINGS ONLY 90S KIDS WOULD KNOW
TK,YOU HAVE THE RIGHT TO REMAIN INNOCENT
TK,WE'RE ALL DAMAGED
TK,MIDAIR
TK,EMOTIONAL RESCUE
B015SSKD4Q,AFTER DISASTERS
B014WBAUDO,PIERCED BY THE SUN
B01007V9HU,THE KISS ON CASTLE ROAD
B00Y0PIEZY,KNOWN 
B014R7CC7A,WORTH THE TROUBLE 
B012W7BC5K,GHOST GIFTS
B012CU5RIK,LET IT BREATHE
B0117SVQRE,THE BILLIONAIRE'S TOUCH 
B017IKQWAG,WILD MAN'S CURSE
B0142BVMCW,SUDDENLY IN LOVE 
B0177XH2IK,DOING IT OVER 
B017IKQW6U,THE SHARK
B010V70W9K,CHARMINGLY YOURS 
TK,BREATH OF MALICE
B017182AQK,SUMMER IN GOOD HOPE 
B00UMBGZH4,Terms of Use
B00WFIM4AE,House of Eight Orchids
B00YUICLP0,Written in Fire
B00XT47SOK,The God's Eye View
B014KVMWQ4,Journey to Death
B00ZINSL00,Baggage
B00YXZI2E4,Floodgate
B011QZWCVW,The Big Fear
B011UNEZN8,The Last Girl
B012C6FLFS,Orchids and Stone
B0146LBFIE,Blood Defense
B015NXSHWG,The Four Night Run
B013UVNZ7A,In the Clearing
B00V7BLU1O,Hannah West: Sleuth in Training (Nancy Pearl's Book Crush Rediscoveries)
TK,The Typewriter
B00U6IQF64,"Happy Birthday, Poco Loco! "
B012P6B53M,"Pipsie, Nature Detective: The Lunch That Left"
B00N58XLKU,Twenty Yawns
